,accuracy,precision,recall,f1,auc
SVM,0.8260869565217391,0.8181818181818182,0.8823529411764706,0.8490566037735849,0.8192252510760403
Logistic Regression,0.8260869565217391,0.8365384615384616,0.8529411764705882,0.8446601941747572,0.8228120516499283
Random Forest,0.8206521739130435,0.8349514563106796,0.8431372549019608,0.8390243902439024,0.8179100908656146
Decision Tree,0.7336956521739131,0.7431192660550459,0.7941176470588235,0.7677725118483413,0.7263271162123385
